alert_id,account_id,alert_type,risk_level,anomaly_score,description,features_flagged,timestamp
ANM-000001,STR944657,ISOLATION_FOREST,critical,0.9004314570505645,ML anomaly detected: account behavior deviates from normal patterns,"near_threshold_count, unique_senders, near_threshold_ratio, unique_counterparties, tx_count_received",2025-11-29 19:20:20.542793
ANM-000002,STR693423,ISOLATION_FOREST,critical,0.9553752332894505,ML anomaly detected: account behavior deviates from normal patterns,"tx_per_active_day, near_threshold_count, near_threshold_ratio, unique_senders, cash_ratio",2025-11-29 19:20:20.543035
ANM-000003,RNG824033,ISOLATION_FOREST,medium,0.6715762974327169,ML anomaly detected: account behavior deviates from normal patterns,"amount_median, amount_sent, amount_total, amount_received, active_days",2025-11-29 19:20:20.543261
ANM-000004,STR970917,ISOLATION_FOREST,high,0.8990709783292583,ML anomaly detected: account behavior deviates from normal patterns,"near_threshold_count, tx_per_active_day, near_threshold_ratio, unique_senders, unique_counterparties",2025-11-29 19:20:20.543445
ANM-000005,RNG824008,ISOLATION_FOREST,medium,0.6841312717596,ML anomaly detected: account behavior deviates from normal patterns,"amount_sent, amount_total, amount_median, amount_received, active_days",2025-11-29 19:20:20.543635
ANM-000006,RNG824048,ISOLATION_FOREST,medium,0.6751359030492036,ML anomaly detected: account behavior deviates from normal patterns,"amount_sent, active_days, amount_total, amount_median, tx_count_sent",2025-11-29 19:20:20.543832
ANM-000007,RNG824000,ISOLATION_FOREST,medium,0.7412739495698326,ML anomaly detected: account behavior deviates from normal patterns,"amount_received, amount_total, amount_median, amount_sent, active_days",2025-11-29 19:20:20.544007
ANM-000008,RNG824049,ISOLATION_FOREST,medium,0.6791630331235397,ML anomaly detected: account behavior deviates from normal patterns,"tx_count_sent, amount_sent, amount_total, active_days, amount_median",2025-11-29 19:20:20.544194
ANM-000009,RNG824019,ISOLATION_FOREST,medium,0.6784231443240156,ML anomaly detected: account behavior deviates from normal patterns,"amount_sent, active_days, amount_total, amount_median, amount_received",2025-11-29 19:20:20.544387
ANM-000010,RNG824038,ISOLATION_FOREST,medium,0.6928842166394378,ML anomaly detected: account behavior deviates from normal patterns,"amount_sent, amount_total, amount_median, active_days, amount_received",2025-11-29 19:20:20.544559
ANM-000011,STR934904,ISOLATION_FOREST,critical,1.0,ML anomaly detected: account behavior deviates from normal patterns,"tx_per_active_day, near_threshold_count, near_threshold_ratio, unique_senders, cash_ratio",2025-11-29 19:20:20.544736
ANM-000012,RNG824028,ISOLATION_FOREST,high,0.7572587225806262,ML anomaly detected: account behavior deviates from normal patterns,"amount_min, amount_received, amount_median, amount_total, active_days",2025-11-29 19:20:20.544921
ANM-000013,RNG824007,ISOLATION_FOREST,high,0.7604520664643852,ML anomaly detected: account behavior deviates from normal patterns,"amount_received, amount_total, amount_median, amount_sent, active_days",2025-11-29 19:20:20.545099
ANM-000014,RNG824041,ISOLATION_FOREST,medium,0.6695187183917419,ML anomaly detected: account behavior deviates from normal patterns,"amount_median, amount_sent, amount_mean, amount_total, amount_received",2025-11-29 19:20:20.545288
ANM-000015,RNG824002,ISOLATION_FOREST,medium,0.70739262285246,ML anomaly detected: account behavior deviates from normal patterns,"amount_received, amount_median, amount_total, active_days, amount_sent",2025-11-29 19:20:20.545475
ANM-000016,RNG824040,ISOLATION_FOREST,medium,0.7222491156151438,ML anomaly detected: account behavior deviates from normal patterns,"amount_received, amount_median, amount_mean, amount_total, amount_cv",2025-11-29 19:20:20.545657
ANM-000017,RNG824001,ISOLATION_FOREST,medium,0.730933750639847,ML anomaly detected: account behavior deviates from normal patterns,"amount_sent, amount_total, amount_median, active_days, amount_received",2025-11-29 19:20:20.545837
ANM-000018,RNG824043,ISOLATION_FOREST,high,0.7564121932067948,ML anomaly detected: account behavior deviates from normal patterns,"amount_median, amount_sent, tx_count_sent, amount_total, amount_mean",2025-11-29 19:20:20.546038
ANM-000019,RNG824020,ISOLATION_FOREST,medium,0.6985467416105812,ML anomaly detected: account behavior deviates from normal patterns,"amount_median, amount_received, amount_total, amount_sent, amount_mean",2025-11-29 19:20:20.546425
ANM-000020,STR793655,ISOLATION_FOREST,critical,0.9351732673190115,ML anomaly detected: account behavior deviates from normal patterns,"tx_per_active_day, near_threshold_count, near_threshold_ratio, unique_senders, cash_ratio",2025-11-29 19:20:20.546657
ANM-000021,RNG824026,ISOLATION_FOREST,medium,0.7116455673369532,ML anomaly detected: account behavior deviates from normal patterns,"amount_sent, amount_total, amount_median, tx_count_sent, active_days",2025-11-29 19:20:20.546851
ANM-000022,RNG824010,ISOLATION_FOREST,medium,0.695971048585903,ML anomaly detected: account behavior deviates from normal patterns,"amount_sent, amount_median, tx_count_sent, amount_total, amount_mean",2025-11-29 19:20:20.547040
ANM-000023,STR991597,ISOLATION_FOREST,critical,0.9642706480628589,ML anomaly detected: account behavior deviates from normal patterns,"tx_per_active_day, near_threshold_count, near_threshold_ratio, unique_senders, cash_ratio",2025-11-29 19:20:20.547221
ANM-000024,STR817497,ISOLATION_FOREST,critical,0.9083245310381552,ML anomaly detected: account behavior deviates from normal patterns,"tx_per_active_day, near_threshold_count, near_threshold_ratio, unique_senders, unique_counterparties",2025-11-29 19:20:20.547407
ANM-000025,STR757711,ISOLATION_FOREST,critical,0.9148907958449867,ML anomaly detected: account behavior deviates from normal patterns,"tx_per_active_day, near_threshold_count, near_threshold_ratio, unique_senders, unique_counterparties",2025-11-29 19:20:20.547586
ANM-000026,RNG824042,ISOLATION_FOREST,medium,0.6961759413929463,ML anomaly detected: account behavior deviates from normal patterns,"amount_median, amount_received, active_days, amount_total, amount_mean",2025-11-29 19:20:20.547764
ANM-000027,RNG824034,ISOLATION_FOREST,medium,0.6944230130158089,ML anomaly detected: account behavior deviates from normal patterns,"amount_sent, amount_median, amount_total, active_days, amount_received",2025-11-29 19:20:20.547947
ANM-000028,STR464069,ISOLATION_FOREST,critical,0.9255653378554538,ML anomaly detected: account behavior deviates from normal patterns,"tx_per_active_day, near_threshold_count, near_threshold_ratio, unique_senders, unique_counterparties",2025-11-29 19:20:20.548135
ANM-000029,STR658623,ISOLATION_FOREST,high,0.8891574223757024,ML anomaly detected: account behavior deviates from normal patterns,"near_threshold_count, tx_per_active_day, unique_senders, near_threshold_ratio, tx_count_received",2025-11-29 19:20:20.548315
ANM-000030,RNG824004,ISOLATION_FOREST,medium,0.713571388242793,ML anomaly detected: account behavior deviates from normal patterns,"amount_median, unique_receivers, active_days, amount_received, amount_total",2025-11-29 19:20:20.548538
ANM-000031,STR206851,ISOLATION_FOREST,high,0.8861023671568321,ML anomaly detected: account behavior deviates from normal patterns,"near_threshold_count, unique_senders, unique_counterparties, near_threshold_ratio, tx_count_received",2025-11-29 19:20:20.548720
ANM-000032,RNG824027,ISOLATION_FOREST,medium,0.6870995051204274,ML anomaly detected: account behavior deviates from normal patterns,"amount_received, amount_total, amount_median, amount_sent, active_days",2025-11-29 19:20:20.548897
ANM-000033,STR831059,ISOLATION_FOREST,critical,0.92095583135935,ML anomaly detected: account behavior deviates from normal patterns,"unique_senders, near_threshold_count, unique_counterparties, near_threshold_ratio, tx_count_received",2025-11-29 19:20:20.549073
ANM-000034,RNG824030,ISOLATION_FOREST,medium,0.69343436935058,ML anomaly detected: account behavior deviates from normal patterns,"amount_median, amount_sent, amount_mean, amount_total, tx_count_sent",2025-11-29 19:20:20.549252
ANM-000035,RNG824022,ISOLATION_FOREST,medium,0.7176364470333645,ML anomaly detected: account behavior deviates from normal patterns,"amount_median, amount_sent, amount_total, amount_received, amount_mean",2025-11-29 19:20:20.549433
ANM-000036,STR354646,ISOLATION_FOREST,high,0.893469512765853,ML anomaly detected: account behavior deviates from normal patterns,"near_threshold_count, tx_per_active_day, unique_senders, near_threshold_ratio, tx_count_received",2025-11-29 19:20:20.549610
ANM-000037,RNG824006,ISOLATION_FOREST,high,0.7569344594866774,ML anomaly detected: account behavior deviates from normal patterns,"amount_sent, amount_total, tx_count_sent, amount_median, active_days",2025-11-29 19:20:20.549784
ANM-000038,RNG824039,ISOLATION_FOREST,medium,0.7379817205020693,ML anomaly detected: account behavior deviates from normal patterns,"amount_received, amount_total, amount_median, amount_sent, active_days",2025-11-29 19:20:20.549957
ANM-000039,STR910004,ISOLATION_FOREST,high,0.8699162297535219,ML anomaly detected: account behavior deviates from normal patterns,"near_threshold_count, unique_senders, near_threshold_ratio, unique_counterparties, tx_count_received",2025-11-29 19:20:20.550135
ANM-000040,STR729577,ISOLATION_FOREST,high,0.8999446511180226,ML anomaly detected: account behavior deviates from normal patterns,"unique_senders, near_threshold_count, unique_counterparties, tx_count_received, near_threshold_ratio",2025-11-29 19:20:20.550307
ANM-000041,STR920652,ISOLATION_FOREST,critical,0.9150885480170465,ML anomaly detected: account behavior deviates from normal patterns,"unique_senders, near_threshold_count, unique_counterparties, tx_count_received, near_threshold_ratio",2025-11-29 19:20:20.550478
ANM-000042,RNG824009,ISOLATION_FOREST,medium,0.6690862543148256,ML anomaly detected: account behavior deviates from normal patterns,"amount_received, amount_median, amount_total, active_days, amount_mean",2025-11-29 19:20:20.550651
ANM-000043,STR416232,ISOLATION_FOREST,critical,0.9429704296981269,ML anomaly detected: account behavior deviates from normal patterns,"tx_per_active_day, near_threshold_ratio, near_threshold_count, cash_ratio, unique_senders",2025-11-29 19:20:20.550820
ANM-000044,STR549186,ISOLATION_FOREST,critical,0.9105839458192921,ML anomaly detected: account behavior deviates from normal patterns,"near_threshold_count, unique_senders, near_threshold_ratio, tx_count_received, tx_per_active_day",2025-11-29 19:20:20.550987
ANM-000045,RNG824036,ISOLATION_FOREST,medium,0.6840554383509143,ML anomaly detected: account behavior deviates from normal patterns,"amount_received, active_days, amount_total, amount_sent, amount_median",2025-11-29 19:20:20.551154
ANM-000046,STR143064,ISOLATION_FOREST,high,0.8788392301116725,ML anomaly detected: account behavior deviates from normal patterns,"unique_senders, near_threshold_count, unique_counterparties, tx_count_received, near_threshold_ratio",2025-11-29 19:20:20.551329
ANM-000047,RNG824017,ISOLATION_FOREST,medium,0.74626634931495,ML anomaly detected: account behavior deviates from normal patterns,"amount_min, amount_median, amount_sent, amount_total, active_days",2025-11-29 19:20:20.551512
ANM-000048,RNG824018,ISOLATION_FOREST,medium,0.6795902952009581,ML anomaly detected: account behavior deviates from normal patterns,"amount_total, amount_received, active_days, amount_sent, amount_median",2025-11-29 19:20:20.551805
ANM-000049,RNG824031,ISOLATION_FOREST,medium,0.6827805492738097,ML anomaly detected: account behavior deviates from normal patterns,"amount_sent, amount_total, amount_received, active_days, amount_median",2025-11-29 19:20:20.552040
ANM-000050,STR226935,ISOLATION_FOREST,critical,0.9160335810372849,ML anomaly detected: account behavior deviates from normal patterns,"near_threshold_count, tx_per_active_day, near_threshold_ratio, unique_senders, cash_ratio",2025-11-29 19:20:20.552252
ANM-000051,NRM662336,LOCAL_OUTLIER_FACTOR,low,0.31260811064731336,Density-based anomaly: account shows unusual local behavior,"amount_max, flow_asymmetry, avg_hours_between_tx, amount_cv, unique_receivers",2025-11-29 19:20:20.867682
ANM-000052,STR944657,LOCAL_OUTLIER_FACTOR,low,0.27374070750999796,Density-based anomaly: account shows unusual local behavior,"near_threshold_count, unique_senders, near_threshold_ratio, unique_counterparties, tx_count_received",2025-11-29 19:20:20.867959
ANM-000053,NRM540869,LOCAL_OUTLIER_FACTOR,low,0.3262847168920953,Density-based anomaly: account shows unusual local behavior,"balance_ratio, flow_asymmetry, amount_min, round_amount_ratio, wire_ratio",2025-11-29 19:20:20.868334
ANM-000054,STR693423,LOCAL_OUTLIER_FACTOR,low,0.27374070750999796,Density-based anomaly: account shows unusual local behavior,"tx_per_active_day, near_threshold_count, near_threshold_ratio, unique_senders, cash_ratio",2025-11-29 19:20:20.868574
ANM-000055,STR970917,LOCAL_OUTLIER_FACTOR,low,0.27374070750999796,Density-based anomaly: account shows unusual local behavior,"near_threshold_count, tx_per_active_day, near_threshold_ratio, unique_senders, unique_counterparties",2025-11-29 19:20:20.868769
ANM-000056,NRM974628,LOCAL_OUTLIER_FACTOR,low,0.40413483242172804,Density-based anomaly: account shows unusual local behavior,"amount_max, balance_ratio, flow_asymmetry, amount_cv, amount_std",2025-11-29 19:20:20.868976
ANM-000057,STR934904,LOCAL_OUTLIER_FACTOR,low,0.27374070750999796,Density-based anomaly: account shows unusual local behavior,"tx_per_active_day, near_threshold_count, near_threshold_ratio, unique_senders, cash_ratio",2025-11-29 19:20:20.869162
ANM-000058,NRM947272,LOCAL_OUTLIER_FACTOR,medium,0.6725721273355303,Density-based anomaly: account shows unusual local behavior,"min_hours_between_tx, std_hours_between_tx, round_amount_ratio, unique_receivers, avg_hours_between_tx",2025-11-29 19:20:20.869359
ANM-000059,NRM429445,LOCAL_OUTLIER_FACTOR,low,0.20709148152981333,Density-based anomaly: account shows unusual local behavior,"balance_ratio, min_hours_between_tx, flow_asymmetry, std_hours_between_tx, avg_hours_between_tx",2025-11-29 19:20:20.869534
ANM-000060,NRM800305,LOCAL_OUTLIER_FACTOR,low,0.18857913763394082,Density-based anomaly: account shows unusual local behavior,"balance_ratio, min_hours_between_tx, flow_asymmetry, amount_std, round_amount_ratio",2025-11-29 19:20:20.869708
ANM-000061,NRM160738,LOCAL_OUTLIER_FACTOR,low,0.15671996648588873,Density-based anomaly: account shows unusual local behavior,"balance_ratio, flow_asymmetry, round_amount_ratio, amount_cv, amount_max",2025-11-29 19:20:20.869891
ANM-000062,HRK991014,LOCAL_OUTLIER_FACTOR,low,0.20135176419513684,Density-based anomaly: account shows unusual local behavior,"min_hours_between_tx, balance_ratio, flow_asymmetry, amount_cv, wire_ratio",2025-11-29 19:20:20.870345
ANM-000063,NRM302511,LOCAL_OUTLIER_FACTOR,low,0.1644896278920406,Density-based anomaly: account shows unusual local behavior,"std_hours_between_tx, flow_asymmetry, round_amount_ratio, balance_ratio, cash_ratio",2025-11-29 19:20:20.870581
ANM-000064,STR793655,LOCAL_OUTLIER_FACTOR,low,0.2737407075099982,Density-based anomaly: account shows unusual local behavior,"tx_per_active_day, near_threshold_count, near_threshold_ratio, unique_senders, cash_ratio",2025-11-29 19:20:20.870788
ANM-000065,NRM723939,LOCAL_OUTLIER_FACTOR,low,0.2837042341588325,Density-based anomaly: account shows unusual local behavior,"min_hours_between_tx, round_amount_ratio, wire_ratio, avg_hours_between_tx, flow_asymmetry",2025-11-29 19:20:20.870975
ANM-000066,NRM678478,LOCAL_OUTLIER_FACTOR,low,0.20112363023301683,Density-based anomaly: account shows unusual local behavior,"balance_ratio, flow_asymmetry, amount_cv, wire_ratio, amount_std",2025-11-29 19:20:20.871159
ANM-000067,HRK356736,LOCAL_OUTLIER_FACTOR,low,0.22387121502892376,Density-based anomaly: account shows unusual local behavior,"unique_receivers, tx_count_sent, flow_asymmetry, balance_ratio, std_hours_between_tx",2025-11-29 19:20:20.871366
ANM-000068,STR991597,LOCAL_OUTLIER_FACTOR,low,0.27374070750999796,Density-based anomaly: account shows unusual local behavior,"tx_per_active_day, near_threshold_count, near_threshold_ratio, unique_senders, cash_ratio",2025-11-29 19:20:20.871552
ANM-000069,MUL751517,LOCAL_OUTLIER_FACTOR,low,0.1811828844756307,Density-based anomaly: account shows unusual local behavior,"amount_min, crypto_ratio, online_ratio, branch_ratio, wire_ratio",2025-11-29 19:20:20.871767
ANM-000070,STR817497,LOCAL_OUTLIER_FACTOR,low,0.27374070750999796,Density-based anomaly: account shows unusual local behavior,"tx_per_active_day, near_threshold_count, near_threshold_ratio, unique_senders, unique_counterparties",2025-11-29 19:20:20.871960
ANM-000071,STR757711,LOCAL_OUTLIER_FACTOR,low,0.27374070750999796,Density-based anomaly: account shows unusual local behavior,"tx_per_active_day, near_threshold_count, near_threshold_ratio, unique_senders, unique_counterparties",2025-11-29 19:20:20.872145
ANM-000072,MUL307963,LOCAL_OUTLIER_FACTOR,low,0.31124414509819825,Density-based anomaly: account shows unusual local behavior,"amount_min, crypto_ratio, online_ratio, wire_ratio, branch_ratio",2025-11-29 19:20:20.872332
ANM-000073,STR464069,LOCAL_OUTLIER_FACTOR,low,0.27374070750999796,Density-based anomaly: account shows unusual local behavior,"tx_per_active_day, near_threshold_count, near_threshold_ratio, unique_senders, unique_counterparties",2025-11-29 19:20:20.872514
ANM-000074,STR658623,LOCAL_OUTLIER_FACTOR,low,0.27374070750999796,Density-based anomaly: account shows unusual local behavior,"near_threshold_count, tx_per_active_day, unique_senders, near_threshold_ratio, tx_count_received",2025-11-29 19:20:20.872689
ANM-000075,NRM769987,LOCAL_OUTLIER_FACTOR,low,0.20734350051302353,Density-based anomaly: account shows unusual local behavior,"min_hours_between_tx, amount_std, amount_max, avg_hours_between_tx, amount_cv",2025-11-29 19:20:20.872863
ANM-000076,STR206851,LOCAL_OUTLIER_FACTOR,low,0.27374070750999796,Density-based anomaly: account shows unusual local behavior,"near_threshold_count, unique_senders, unique_counterparties, near_threshold_ratio, tx_count_received",2025-11-29 19:20:20.873039
ANM-000077,STR831059,LOCAL_OUTLIER_FACTOR,low,0.27374070750999796,Density-based anomaly: account shows unusual local behavior,"unique_senders, near_threshold_count, unique_counterparties, near_threshold_ratio, tx_count_received",2025-11-29 19:20:20.873215
ANM-000078,HRK303880,LOCAL_OUTLIER_FACTOR,low,0.21696216993986642,Density-based anomaly: account shows unusual local behavior,"min_hours_between_tx, amount_cv, round_amount_ratio, avg_hours_between_tx, online_ratio",2025-11-29 19:20:20.873388
ANM-000079,NRM456699,LOCAL_OUTLIER_FACTOR,low,0.19029752652728044,Density-based anomaly: account shows unusual local behavior,"balance_ratio, flow_asymmetry, unique_receivers, amount_cv, amount_mean",2025-11-29 19:20:20.873576
ANM-000080,HRK324345,LOCAL_OUTLIER_FACTOR,low,0.18519638880863976,Density-based anomaly: account shows unusual local behavior,"balance_ratio, flow_asymmetry, amount_cv, amount_std, std_hours_between_tx",2025-11-29 19:20:20.873752
ANM-000081,NRM188914,LOCAL_OUTLIER_FACTOR,low,0.3292155033291571,Density-based anomaly: account shows unusual local behavior,"std_hours_between_tx, avg_hours_between_tx, amount_std, amount_mean, wire_ratio",2025-11-29 19:20:20.873926
ANM-000082,NRM832052,LOCAL_OUTLIER_FACTOR,low,0.23629838590700117,Density-based anomaly: account shows unusual local behavior,"amount_max, amount_std, crypto_ratio, unique_receivers, amount_mean",2025-11-29 19:20:20.874111
ANM-000083,HRK768636,LOCAL_OUTLIER_FACTOR,critical,1.0,Density-based anomaly: account shows unusual local behavior,"min_hours_between_tx, wire_ratio, amount_cv, branch_ratio, avg_hours_between_tx",2025-11-29 19:20:20.874288
ANM-000084,STR354646,LOCAL_OUTLIER_FACTOR,low,0.27374070750999796,Density-based anomaly: account shows unusual local behavior,"near_threshold_count, tx_per_active_day, unique_senders, near_threshold_ratio, tx_count_received",2025-11-29 19:20:20.874467
ANM-000085,NRM407419,LOCAL_OUTLIER_FACTOR,low,0.2823818610125565,Density-based anomaly: account shows unusual local behavior,"round_amount_ratio, amount_max, std_hours_between_tx, amount_std, avg_hours_between_tx",2025-11-29 19:20:20.874642
ANM-000086,NRM207175,LOCAL_OUTLIER_FACTOR,low,0.19491495370161072,Density-based anomaly: account shows unusual local behavior,"balance_ratio, flow_asymmetry, min_hours_between_tx, round_amount_ratio, amount_cv",2025-11-29 19:20:20.874815
ANM-000087,STR910004,LOCAL_OUTLIER_FACTOR,low,0.27374070750999796,Density-based anomaly: account shows unusual local behavior,"near_threshold_count, unique_senders, near_threshold_ratio, unique_counterparties, tx_count_received",2025-11-29 19:20:20.874993
ANM-000088,STR729577,LOCAL_OUTLIER_FACTOR,low,0.27374070750999796,Density-based anomaly: account shows unusual local behavior,"unique_senders, near_threshold_count, unique_counterparties, tx_count_received, near_threshold_ratio",2025-11-29 19:20:20.875171
ANM-000089,NRM817870,LOCAL_OUTLIER_FACTOR,low,0.16577356189788545,Density-based anomaly: account shows unusual local behavior,"round_amount_ratio, std_hours_between_tx, unique_receivers, avg_hours_between_tx, active_days",2025-11-29 19:20:20.875358
ANM-000090,STR920652,LOCAL_OUTLIER_FACTOR,low,0.27374070750999796,Density-based anomaly: account shows unusual local behavior,"unique_senders, near_threshold_count, unique_counterparties, tx_count_received, near_threshold_ratio",2025-11-29 19:20:20.875534
ANM-000091,STR416232,LOCAL_OUTLIER_FACTOR,low,0.27374070750999796,Density-based anomaly: account shows unusual local behavior,"tx_per_active_day, near_threshold_ratio, near_threshold_count, cash_ratio, unique_senders",2025-11-29 19:20:20.875713
ANM-000092,STR549186,LOCAL_OUTLIER_FACTOR,low,0.27374070750999796,Density-based anomaly: account shows unusual local behavior,"near_threshold_count, unique_senders, near_threshold_ratio, tx_count_received, tx_per_active_day",2025-11-29 19:20:20.875890
ANM-000093,NRM629959,LOCAL_OUTLIER_FACTOR,low,0.24160771595664288,Density-based anomaly: account shows unusual local behavior,"amount_max, amount_std, avg_hours_between_tx, std_hours_between_tx, flow_asymmetry",2025-11-29 19:20:20.876064
ANM-000094,STR143064,LOCAL_OUTLIER_FACTOR,low,0.27374070750999796,Density-based anomaly: account shows unusual local behavior,"unique_senders, near_threshold_count, unique_counterparties, tx_count_received, near_threshold_ratio",2025-11-29 19:20:20.876239
ANM-000095,HRK331251,LOCAL_OUTLIER_FACTOR,low,0.1623793987722445,Density-based anomaly: account shows unusual local behavior,"amount_max, amount_std, online_ratio, unique_receivers, amount_mean",2025-11-29 19:20:20.876415
ANM-000096,NRM205907,LOCAL_OUTLIER_FACTOR,low,0.1773103366250958,Density-based anomaly: account shows unusual local behavior,"avg_hours_between_tx, amount_min, std_hours_between_tx, round_amount_ratio, amount_max",2025-11-29 19:20:20.876594
ANM-000097,NRM287241,LOCAL_OUTLIER_FACTOR,low,0.2501898485444423,Density-based anomaly: account shows unusual local behavior,"amount_max, round_amount_ratio, amount_std, wire_ratio, flow_asymmetry",2025-11-29 19:20:20.876768
ANM-000098,STR226935,LOCAL_OUTLIER_FACTOR,low,0.27374070750999796,Density-based anomaly: account shows unusual local behavior,"near_threshold_count, tx_per_active_day, near_threshold_ratio, unique_senders, cash_ratio",2025-11-29 19:20:20.876948
ANM-000099,NRM523389,LOCAL_OUTLIER_FACTOR,low,0.2116750956516796,Density-based anomaly: account shows unusual local behavior,"amount_mean, wire_ratio, amount_std, amount_cv, online_ratio",2025-11-29 19:20:20.877116
ANM-000100,NRM988662,LOCAL_OUTLIER_FACTOR,low,0.44136921056224876,Density-based anomaly: account shows unusual local behavior,"amount_max, amount_std, amount_cv, avg_hours_between_tx, active_days",2025-11-29 19:20:20.877284
ANM-000101,STR944657,STATISTICAL_OUTLIER,critical,0.3333333333333333,Statistical outlier: 10 features exceed normal range,"tx_count_total, tx_count_received, unique_senders, unique_counterparties, tx_per_active_day",2025-11-29 19:20:20.883570
ANM-000102,STR693423,STATISTICAL_OUTLIER,critical,0.4,Statistical outlier: 12 features exceed normal range,"tx_count_total, tx_count_received, flow_asymmetry, unique_senders, unique_counterparties",2025-11-29 19:20:20.883878
ANM-000103,RNG824033,STATISTICAL_OUTLIER,critical,0.23333333333333334,Statistical outlier: 7 features exceed normal range,"tx_count_sent, amount_total, amount_sent, amount_received, amount_mean",2025-11-29 19:20:20.884174
ANM-000104,RNG824047,STATISTICAL_OUTLIER,critical,0.23333333333333334,Statistical outlier: 7 features exceed normal range,"tx_count_sent, amount_total, amount_sent, amount_received, amount_mean",2025-11-29 19:20:20.884527
ANM-000105,RNG824014,STATISTICAL_OUTLIER,critical,0.23333333333333334,Statistical outlier: 7 features exceed normal range,"tx_count_sent, amount_total, amount_sent, amount_received, amount_mean",2025-11-29 19:20:20.884811
ANM-000106,STR970917,STATISTICAL_OUTLIER,critical,0.36666666666666664,Statistical outlier: 11 features exceed normal range,"tx_count_total, tx_count_received, unique_senders, unique_counterparties, tx_per_active_day",2025-11-29 19:20:20.885076
ANM-000107,RNG824008,STATISTICAL_OUTLIER,critical,0.26666666666666666,Statistical outlier: 8 features exceed normal range,"tx_count_total, tx_count_sent, amount_total, amount_sent, amount_received",2025-11-29 19:20:20.885309
ANM-000108,RNG824048,STATISTICAL_OUTLIER,critical,0.23333333333333334,Statistical outlier: 7 features exceed normal range,"tx_count_total, tx_count_sent, amount_total, amount_sent, amount_received",2025-11-29 19:20:20.885537
ANM-000109,RNG824000,STATISTICAL_OUTLIER,critical,0.3,Statistical outlier: 9 features exceed normal range,"tx_count_total, tx_count_sent, amount_total, amount_sent, amount_received",2025-11-29 19:20:20.885761
ANM-000110,RNG824049,STATISTICAL_OUTLIER,critical,0.26666666666666666,Statistical outlier: 8 features exceed normal range,"tx_count_total, tx_count_sent, amount_total, amount_sent, amount_received",2025-11-29 19:20:20.885978
ANM-000111,RNG824019,STATISTICAL_OUTLIER,critical,0.26666666666666666,Statistical outlier: 8 features exceed normal range,"tx_count_total, tx_count_sent, amount_total, amount_sent, amount_received",2025-11-29 19:20:20.886201
ANM-000112,RNG824038,STATISTICAL_OUTLIER,critical,0.26666666666666666,Statistical outlier: 8 features exceed normal range,"tx_count_total, tx_count_sent, amount_total, amount_sent, amount_received",2025-11-29 19:20:20.886420
ANM-000113,NRM974628,STATISTICAL_OUTLIER,low,0.1,Statistical outlier: 3 features exceed normal range,"balance_ratio, flow_asymmetry, amount_max",2025-11-29 19:20:20.886628
ANM-000114,STR934904,STATISTICAL_OUTLIER,critical,0.36666666666666664,Statistical outlier: 11 features exceed normal range,"tx_count_total, tx_count_received, flow_asymmetry, unique_senders, unique_counterparties",2025-11-29 19:20:20.887042
ANM-000115,NRM429445,STATISTICAL_OUTLIER,medium,0.13333333333333333,Statistical outlier: 4 features exceed normal range,"balance_ratio, flow_asymmetry, min_hours_between_tx, std_hours_between_tx",2025-11-29 19:20:20.887285
ANM-000116,RNG824044,STATISTICAL_OUTLIER,critical,0.23333333333333334,Statistical outlier: 7 features exceed normal range,"amount_total, amount_sent, amount_received, amount_mean, amount_median",2025-11-29 19:20:20.887519
ANM-000117,RNG824016,STATISTICAL_OUTLIER,critical,0.26666666666666666,Statistical outlier: 8 features exceed normal range,"tx_count_total, tx_count_sent, amount_total, amount_sent, amount_received",2025-11-29 19:20:20.887739
ANM-000118,NRM800305,STATISTICAL_OUTLIER,low,0.1,Statistical outlier: 3 features exceed normal range,"balance_ratio, flow_asymmetry, min_hours_between_tx",2025-11-29 19:20:20.887904
ANM-000119,RNG824028,STATISTICAL_OUTLIER,critical,0.2,Statistical outlier: 6 features exceed normal range,"amount_total, amount_received, amount_mean, amount_min, amount_median",2025-11-29 19:20:20.888130
ANM-000120,RNG824007,STATISTICAL_OUTLIER,critical,0.26666666666666666,Statistical outlier: 8 features exceed normal range,"tx_count_total, tx_count_sent, amount_total, amount_sent, amount_received",2025-11-29 19:20:20.888347
ANM-000121,RNG824041,STATISTICAL_OUTLIER,medium,0.13333333333333333,Statistical outlier: 4 features exceed normal range,"amount_total, amount_sent, amount_mean, amount_median",2025-11-29 19:20:20.888540
ANM-000122,HRK991014,STATISTICAL_OUTLIER,low,0.1,Statistical outlier: 3 features exceed normal range,"balance_ratio, flow_asymmetry, min_hours_between_tx",2025-11-29 19:20:20.888703
ANM-000123,RNG824002,STATISTICAL_OUTLIER,critical,0.3,Statistical outlier: 9 features exceed normal range,"tx_count_sent, amount_total, amount_sent, amount_received, amount_mean",2025-11-29 19:20:20.888913
ANM-000124,RNG824040,STATISTICAL_OUTLIER,medium,0.13333333333333333,Statistical outlier: 4 features exceed normal range,"amount_total, amount_received, amount_mean, amount_median",2025-11-29 19:20:20.889099
ANM-000125,RNG824001,STATISTICAL_OUTLIER,critical,0.3,Statistical outlier: 9 features exceed normal range,"tx_count_total, tx_count_sent, amount_total, amount_sent, amount_received",2025-11-29 19:20:20.889312
ANM-000126,RNG824023,STATISTICAL_OUTLIER,critical,0.23333333333333334,Statistical outlier: 7 features exceed normal range,"tx_count_sent, amount_total, amount_sent, amount_received, amount_mean",2025-11-29 19:20:20.889528
ANM-000127,RNG824043,STATISTICAL_OUTLIER,critical,0.2,Statistical outlier: 6 features exceed normal range,"tx_count_sent, amount_total, amount_sent, amount_mean, amount_median",2025-11-29 19:20:20.889743
ANM-000128,RNG824020,STATISTICAL_OUTLIER,critical,0.26666666666666666,Statistical outlier: 8 features exceed normal range,"tx_count_sent, amount_total, amount_sent, amount_received, amount_mean",2025-11-29 19:20:20.889958
ANM-000129,STR793655,STATISTICAL_OUTLIER,critical,0.4,Statistical outlier: 12 features exceed normal range,"tx_count_total, tx_count_received, flow_asymmetry, unique_senders, unique_receivers",2025-11-29 19:20:20.890185
ANM-000130,RNG824045,STATISTICAL_OUTLIER,critical,0.23333333333333334,Statistical outlier: 7 features exceed normal range,"tx_count_sent, amount_total, amount_sent, amount_received, amount_mean",2025-11-29 19:20:20.890401
ANM-000131,RNG824012,STATISTICAL_OUTLIER,critical,0.23333333333333334,Statistical outlier: 7 features exceed normal range,"tx_count_sent, amount_total, amount_sent, amount_received, amount_mean",2025-11-29 19:20:20.890617
ANM-000132,RNG824026,STATISTICAL_OUTLIER,critical,0.26666666666666666,Statistical outlier: 8 features exceed normal range,"tx_count_total, tx_count_sent, amount_total, amount_sent, amount_received",2025-11-29 19:20:20.890833
ANM-000133,RNG824010,STATISTICAL_OUTLIER,critical,0.2,Statistical outlier: 6 features exceed normal range,"tx_count_sent, amount_total, amount_sent, amount_mean, amount_median",2025-11-29 19:20:20.891044
ANM-000134,STR991597,STATISTICAL_OUTLIER,critical,0.36666666666666664,Statistical outlier: 11 features exceed normal range,"tx_count_total, tx_count_received, flow_asymmetry, unique_senders, unique_counterparties",2025-11-29 19:20:20.891257
ANM-000135,RNG824025,STATISTICAL_OUTLIER,critical,0.2,Statistical outlier: 6 features exceed normal range,"amount_total, amount_sent, amount_received, amount_mean, amount_median",2025-11-29 19:20:20.891466
ANM-000136,RNG824029,STATISTICAL_OUTLIER,high,0.16666666666666666,Statistical outlier: 5 features exceed normal range,"amount_total, amount_received, amount_mean, amount_median, active_days",2025-11-29 19:20:20.891687
ANM-000137,STR817497,STATISTICAL_OUTLIER,critical,0.3333333333333333,Statistical outlier: 10 features exceed normal range,"tx_count_total, tx_count_received, unique_senders, unique_counterparties, tx_per_active_day",2025-11-29 19:20:20.891899
ANM-000138,STR757711,STATISTICAL_OUTLIER,critical,0.36666666666666664,Statistical outlier: 11 features exceed normal range,"tx_count_total, tx_count_received, unique_senders, unique_receivers, unique_counterparties",2025-11-29 19:20:20.892107
ANM-000139,RNG824042,STATISTICAL_OUTLIER,high,0.16666666666666666,Statistical outlier: 5 features exceed normal range,"amount_total, amount_received, amount_mean, amount_median, active_days",2025-11-29 19:20:20.892319
ANM-000140,RNG824037,STATISTICAL_OUTLIER,critical,0.23333333333333334,Statistical outlier: 7 features exceed normal range,"tx_count_sent, amount_total, amount_sent, amount_received, amount_mean",2025-11-29 19:20:20.892532
ANM-000141,NRM724834,STATISTICAL_OUTLIER,medium,0.13333333333333333,Statistical outlier: 4 features exceed normal range,"balance_ratio, flow_asymmetry, amount_std, amount_max",2025-11-29 19:20:20.892729
ANM-000142,RNG824024,STATISTICAL_OUTLIER,critical,0.26666666666666666,Statistical outlier: 8 features exceed normal range,"tx_count_total, tx_count_sent, amount_total, amount_sent, amount_received",2025-11-29 19:20:20.892940
ANM-000143,RNG824034,STATISTICAL_OUTLIER,critical,0.26666666666666666,Statistical outlier: 8 features exceed normal range,"tx_count_total, tx_count_sent, amount_total, amount_sent, amount_received",2025-11-29 19:20:20.893263
ANM-000144,STR464069,STATISTICAL_OUTLIER,critical,0.3333333333333333,Statistical outlier: 10 features exceed normal range,"tx_count_total, tx_count_received, unique_senders, unique_counterparties, tx_per_active_day",2025-11-29 19:20:20.893511
ANM-000145,STR658623,STATISTICAL_OUTLIER,critical,0.3333333333333333,Statistical outlier: 10 features exceed normal range,"tx_count_total, tx_count_received, unique_senders, unique_counterparties, tx_per_active_day",2025-11-29 19:20:20.893756
ANM-000146,RNG824004,STATISTICAL_OUTLIER,high,0.16666666666666666,Statistical outlier: 5 features exceed normal range,"amount_total, amount_received, amount_median, unique_receivers, active_days",2025-11-29 19:20:20.894109
ANM-000147,STR206851,STATISTICAL_OUTLIER,critical,0.3333333333333333,Statistical outlier: 10 features exceed normal range,"tx_count_total, tx_count_received, unique_senders, unique_counterparties, tx_per_active_day",2025-11-29 19:20:20.894380
ANM-000148,RNG824011,STATISTICAL_OUTLIER,medium,0.13333333333333333,Statistical outlier: 4 features exceed normal range,"amount_total, amount_received, amount_median, active_days",2025-11-29 19:20:20.894581
ANM-000149,RNG824027,STATISTICAL_OUTLIER,critical,0.26666666666666666,Statistical outlier: 8 features exceed normal range,"tx_count_total, tx_count_sent, amount_total, amount_sent, amount_received",2025-11-29 19:20:20.894803
ANM-000150,STR831059,STATISTICAL_OUTLIER,critical,0.3333333333333333,Statistical outlier: 10 features exceed normal range,"tx_count_total, tx_count_received, unique_senders, unique_counterparties, tx_per_active_day",2025-11-29 19:20:20.895018
ANM-000151,RNG824030,STATISTICAL_OUTLIER,critical,0.2,Statistical outlier: 6 features exceed normal range,"tx_count_sent, amount_total, amount_sent, amount_mean, amount_median",2025-11-29 19:20:20.895239
ANM-000152,RNG824022,STATISTICAL_OUTLIER,critical,0.26666666666666666,Statistical outlier: 8 features exceed normal range,"tx_count_sent, amount_total, amount_sent, amount_received, amount_mean",2025-11-29 19:20:20.895456
ANM-000153,RNG824021,STATISTICAL_OUTLIER,critical,0.2,Statistical outlier: 6 features exceed normal range,"amount_total, amount_sent, amount_received, amount_mean, amount_median",2025-11-29 19:20:20.895663
ANM-000154,RNG824013,STATISTICAL_OUTLIER,critical,0.23333333333333334,Statistical outlier: 7 features exceed normal range,"tx_count_sent, amount_total, amount_sent, amount_received, amount_mean",2025-11-29 19:20:20.895870
ANM-000155,STR354646,STATISTICAL_OUTLIER,critical,0.36666666666666664,Statistical outlier: 11 features exceed normal range,"tx_count_total, tx_count_received, unique_senders, unique_counterparties, tx_per_active_day",2025-11-29 19:20:20.896079
ANM-000156,NRM407419,STATISTICAL_OUTLIER,medium,0.13333333333333333,Statistical outlier: 4 features exceed normal range,"amount_std, amount_max, std_hours_between_tx, round_amount_ratio",2025-11-29 19:20:20.896274
ANM-000157,RNG824003,STATISTICAL_OUTLIER,critical,0.2,Statistical outlier: 6 features exceed normal range,"tx_count_sent, amount_total, amount_sent, amount_received, amount_median",2025-11-29 19:20:20.896482
ANM-000158,RNG824006,STATISTICAL_OUTLIER,critical,0.26666666666666666,Statistical outlier: 8 features exceed normal range,"tx_count_total, tx_count_sent, amount_total, amount_sent, amount_received",2025-11-29 19:20:20.896690
ANM-000159,RNG824039,STATISTICAL_OUTLIER,critical,0.26666666666666666,Statistical outlier: 8 features exceed normal range,"tx_count_total, tx_count_sent, amount_total, amount_sent, amount_received",2025-11-29 19:20:20.896899
ANM-000160,RNG824046,STATISTICAL_OUTLIER,critical,0.2,Statistical outlier: 6 features exceed normal range,"amount_total, amount_sent, amount_received, amount_mean, amount_median",2025-11-29 19:20:20.897167
ANM-000161,RNG824035,STATISTICAL_OUTLIER,critical,0.26666666666666666,Statistical outlier: 8 features exceed normal range,"tx_count_total, tx_count_sent, amount_total, amount_sent, amount_received",2025-11-29 19:20:20.897379
ANM-000162,RNG824015,STATISTICAL_OUTLIER,critical,0.23333333333333334,Statistical outlier: 7 features exceed normal range,"tx_count_total, tx_count_sent, amount_total, amount_sent, amount_received",2025-11-29 19:20:20.897589
ANM-000163,STR910004,STATISTICAL_OUTLIER,critical,0.3333333333333333,Statistical outlier: 10 features exceed normal range,"tx_count_total, tx_count_received, unique_senders, unique_counterparties, tx_per_active_day",2025-11-29 19:20:20.897800
ANM-000164,STR729577,STATISTICAL_OUTLIER,critical,0.3,Statistical outlier: 9 features exceed normal range,"tx_count_total, tx_count_received, unique_senders, unique_counterparties, tx_per_active_day",2025-11-29 19:20:20.898007
ANM-000165,RNG824005,STATISTICAL_OUTLIER,high,0.16666666666666666,Statistical outlier: 5 features exceed normal range,"amount_total, amount_sent, amount_received, amount_median, active_days",2025-11-29 19:20:20.898213
ANM-000166,STR920652,STATISTICAL_OUTLIER,critical,0.3333333333333333,Statistical outlier: 10 features exceed normal range,"tx_count_total, tx_count_received, unique_senders, unique_counterparties, tx_per_active_day",2025-11-29 19:20:20.898419
ANM-000167,RNG824009,STATISTICAL_OUTLIER,critical,0.2,Statistical outlier: 6 features exceed normal range,"amount_total, amount_sent, amount_received, amount_mean, amount_median",2025-11-29 19:20:20.898617
ANM-000168,STR416232,STATISTICAL_OUTLIER,critical,0.43333333333333335,Statistical outlier: 13 features exceed normal range,"tx_count_total, tx_count_received, flow_asymmetry, unique_senders, unique_receivers",2025-11-29 19:20:20.898825
ANM-000169,STR549186,STATISTICAL_OUTLIER,critical,0.36666666666666664,Statistical outlier: 11 features exceed normal range,"tx_count_total, tx_count_received, flow_asymmetry, unique_senders, unique_counterparties",2025-11-29 19:20:20.899030
ANM-000170,RNG824036,STATISTICAL_OUTLIER,critical,0.23333333333333334,Statistical outlier: 7 features exceed normal range,"tx_count_total, tx_count_sent, amount_total, amount_sent, amount_received",2025-11-29 19:20:20.899236
ANM-000171,STR143064,STATISTICAL_OUTLIER,critical,0.3333333333333333,Statistical outlier: 10 features exceed normal range,"tx_count_total, tx_count_received, unique_senders, unique_counterparties, tx_per_active_day",2025-11-29 19:20:20.899442
ANM-000172,RNG824017,STATISTICAL_OUTLIER,critical,0.3,Statistical outlier: 9 features exceed normal range,"tx_count_sent, amount_total, amount_sent, amount_received, amount_mean",2025-11-29 19:20:20.899647
ANM-000173,RNG824032,STATISTICAL_OUTLIER,critical,0.23333333333333334,Statistical outlier: 7 features exceed normal range,"tx_count_sent, amount_total, amount_sent, amount_received, amount_mean",2025-11-29 19:20:20.899851
ANM-000174,RNG824018,STATISTICAL_OUTLIER,critical,0.26666666666666666,Statistical outlier: 8 features exceed normal range,"tx_count_total, tx_count_sent, amount_total, amount_sent, amount_received",2025-11-29 19:20:20.900056
ANM-000175,RNG824031,STATISTICAL_OUTLIER,critical,0.26666666666666666,Statistical outlier: 8 features exceed normal range,"tx_count_total, tx_count_sent, amount_total, amount_sent, amount_received",2025-11-29 19:20:20.900260
ANM-000176,STR226935,STATISTICAL_OUTLIER,critical,0.36666666666666664,Statistical outlier: 11 features exceed normal range,"tx_count_total, tx_count_received, unique_senders, unique_counterparties, tx_per_active_day",2025-11-29 19:20:20.900465
